SKILLER ? большая база поведенческих интервенций v1.0;;;;;;;
;;;;;;;
Назначение;Рабочая клинико-продуктовая база SKILLER для подбора, персонализации, замены и оценки поведенческих интервенций.;;;;;;
Версия;v1.1 ? расширенная поведенческая база;;;;;;
Объём после расширения;372 карточки: 300 исходных + 72 специализированных поведенческих интервенции;;;;;;
Готовность архитектуры;Структура базы, таксономия, контуры риска, источники, промпты и логика замены готовы для разработки и внутреннего тестирования.;;;;;;
Готовность содержания;Карточки написаны самостоятельным языком SKILLER и сопоставлены с протоколами. Для публичного клинического использования каждая карточка получает отдельный статус источниковой, клинической и юридической проверки.;;;;;;
Что это меняет;"Вместо общего предупреждения ?всё черновик? база различает: архитектурно готово; source-mapped; клинически вычитано; разрешено в самостоятельном контуре; только со специалистом.";;;;;;
Персонализация;Каждый Prompt_template показывает навык на реальной ситуации человека и запрещает выдумывать факты.;;;;;;
Поведенческий приоритет;Добавлены навыки управления стимулами, подкреплением, shaping, chaining, implementation intentions, привычками, экспозиционным обучением и восстановлением поведения.;;;;;;
Безопасность;Высокорисковые экспозиционные, травма-фокусированные, кризисные и медицински чувствительные интервенции остаются в клиническом контуре.;;;;;;
Авторское право;Карточки не копируют защищённые раздатки. Для открытых материалов отдельно проверяются условия коммерческой адаптации.;;;;;;
Рабочий статус;База готова для импорта в backend и закрытого тестирования после проверки схемы данных. Публичный запуск навыка зависит от его индивидуального статуса проверки.;;;;;;
Листы;Навыки, Источники, Механизмы, Семейства, Покрытие, Очередь вычитки, Поведенческие навыки v1.1.;;;;;;
